Designator,Mid X,Mid Y,Rotation,Layer
BZ1,103.75000023149111,-19.000000231491118,135.0,top
C1,45.0,-19.25,270.0,top
C10,25.0,-9.35,270.0,top
C11,18.8875,6.5,0.0,top
C12,18.8875,4.0,0.0,top
C13,133.75,41.25,0.0,top
C14,106.0,6.75,270.0,top
C15,105.25,-0.075,90.0,top
C16,105.25,2.425,270.0,top
C17,129.75,9.75,180.0,top
C18,95.25,13.325,90.0,top
C19,85.25,-2.0,270.0,top
C2,49.5,-23.25,180.0,top
C20,104.25,-3.425,225.0,top
C21,92.25,12.325,0.0,top
C22,100.5,-5.925,180.0,top
C23,87.5,-2.0,270.0,top
C24,100.25,12.325,0.0,top
C25,-9.75,52.75,270.0,top
C26,49.0,40.25,135.0,top
C27,98.377499,69.314001,180.0,top
C28,123.877499,63.25,180.0,top
C29,108.377499,63.814001,270.0,top
C3,24.25,-18.1,90.0,top
C30,133.877499,57.75,270.0,top
C31,104.877499,72.314001,0.0,top
C32,130.339999,66.25,180.0,top
C33,96.0,19.0,90.0,top
C34,102.25,18.0,0.0,top
C35,112.637499,39.0,0.0,top
C36,101.1225,34.814001,270.0,top
C37,108.8725,27.314001,0.0,top
C38,106.75,13.0,0.0,top
C4,50.5,-15.0,180.0,top
C5,35.75,-9.35,0.0,top
C6,134.5,29.0,0.0,top
C7,138.5,33.75,270.0,top
C8,27.75,-9.35,270.0,top
C9,6.0,5.75,0.0,top
D1,59.0,-18.25,0.0,top
D10,-74.5,-10.0,180.0,top
D11,10.0,-5.25,90.0,top
D12,11.75,-14.5,270.0,top
D13,-67.75,21.25,180.0,top
D14,79.75,-11.75,0.0,top
D15,-74.25,14.25,0.0,top
D2,33.75,-2.95,180.0,top
D3,22.25,9.25,90.0,top
D4,129.75,44.75,180.0,top
D5,79.75,-7.75,0.0,top
D6,-3.942544,38.183261,180.0,top
D7,44.5,59.2,180.0,top
D8,40.75,13.0,180.0,top
D9,57.0,13.0,180.0,top
F1,-49.5,78.0,90.0,top
F2,10.75,68.355,90.0,top
F3,75.25,69.5,90.0,top
F4,-61.0,57.5,90.0,top
H1,-75.5,89.25,0.0,top
H2,-75.5,-23.3715,0.0,top
H3,33.75,17.0,0.0,top
H4,81.0,42.0,0.0,top
H5,140.25,89.25,0.0,top
H6,140.25,-23.25,0.0,top
HS1,-3.942544,33.483261,0.0,top
HS2,44.5,54.5,0.0,top
J1,-31.75,66.5,180.0,top
J10,65.0,-17.479999,180.0,top
J11,81.5,-21.25,0.0,top
J12,132.75,19.725,180.0,top
J13,117.5,-21.25,0.0,top
J15,132.73,-7.96,0.0,top
J16,-71.495,61.9225,180.0,top
J17,80.0,28.0,0.0,top
J2,-3.75,72.25,180.0,top
J3,60.5,72.25,180.0,top
J4,103.877499,79.25,180.0,top
J5,130.75,73.25,180.0,top
J6,107.1225,43.25,180.0,top
J7,-74.25,-4.0,270.0,top
J8,14.5,-5.0,90.0,top
J9,6.024999,-14.5,270.0,top
JP1,56.745,-13.5,90.0,top
JP2,28.625,-2.23,180.0,top
JP3,14.2075,10.25,90.0,top
JP4,129.0,39.245,180.0,top
JP5,92.877499,60.814001,270.0,top
JP6,121.25,51.525001,270.0,top
JP7,116.1225,30.814001,270.0,top
JP8,139.75,-14.25,90.0,top
JP9,139.75,-7.5,270.0,top
K1,-69.0425,32.9,180.0,top
L1,31.5,-8.85,180.0,top
NT1,52.724613,-17.988717,90.0,top
NT2,133.235,36.481142,180.0,top
NT3,105.625,1.625,135.0,top
NT4,105.75,7.75,0.0,top
PS1,-34.25,6.744499,0.0,top
Q1,47.0,15.0,270.0,top
Q2,63.25,15.0,270.0,top
Q3,-73.025001,-13.750001,270.0,top
Q4,5.5,-6.25,90.0,top
Q5,15.25,-17.25,90.0,top
Q6,94.75,-20.0,90.0,top
Q7,-72.75,20.75,270.0,top
R1,55.25,-19.0,270.0,top
R10,123.75,8.75,90.0,top
R11,76.125,-7.75,180.0,top
R12,-1.5,56.0,315.0,top
R13,59.0,37.75,0.0,top
R14,21.5,36.875,90.0,top
R15,-9.75,44.75,270.0,top
R16,67.75,37.75,180.0,top
R17,40.75,48.75,135.0,top
R18,47.0,10.25,180.0,top
R19,63.25,10.25,180.0,top
R2,59.0,-20.25,0.0,top
R20,40.75,17.5,0.0,top
R21,57.0,17.5,0.0,top
R22,47.0,12.0,0.0,top
R23,63.25,12.0,0.0,top
R24,43.75,13.75,90.0,top
R25,60.0,13.75,90.0,top
R26,108.377499,73.314001,270.0,top
R27,133.877499,67.25,270.0,top
R28,98.877499,73.314001,270.0,top
R29,124.377499,67.25,270.0,top
R3,38.75,-15.8375,270.0,top
R30,108.377499,67.814001,90.0,top
R31,111.877499,67.314001,90.0,top
R32,133.877499,61.75,90.0,top
R33,137.377499,61.25,90.0,top
R34,107.377499,59.814001,270.0,top
R35,132.877499,53.75,270.0,top
R36,103.377499,60.314001,0.0,top
R37,128.877499,54.25,0.0,top
R38,94.25,19.0,270.0,top
R39,99.5,19.0,270.0,top
R4,34.0,-18.0,180.0,top
R40,118.0,40.75,270.0,top
R41,101.6225,38.814001,0.0,top
R42,97.6225,35.814001,180.0,top
R43,97.3725,31.064001,270.0,top
R44,103.3725,34.814001,270.0,top
R45,102.3725,29.564001,270.0,top
R46,106.75,11.25,180.0,top
R47,-73.0,-16.75,180.0,top
R48,6.75,-1.5,270.0,top
R49,15.25,-11.25,0.0,top
R5,133.75,39.0,0.0,top
R50,95.5,-15.25,0.0,top
R51,-73.0,-18.5,0.0,top
R52,3.75,-2.5,180.0,top
R53,15.25,-13.75,180.0,top
R54,95.5,-17.0,180.0,top
R55,96.25,-23.0,225.0,top
R56,-72.5,17.625,180.0,top
R57,-76.25,17.25,180.0,top
R58,76.125,-11.75,180.0,top
R59,-75.75,20.75,90.0,top
R6,37.25,-2.95,0.0,top
R7,22.25,5.0,270.0,top
R8,133.5,44.75,0.0,top
R9,78.5,13.75,0.0,top
RV1,-25.5,55.5,180.0,top
SW1,-62.54,84.75,180.0,top
SW2,74.5,13.79,0.0,top
SW3,136.75,8.75,0.0,top
TP1,4.95,-23.25,90.0,top
TP10,137.877499,67.25,180.0,top
TP11,97.377499,63.314001,180.0,top
TP12,122.877499,57.25,180.0,top
TP13,107.6225,38.564001,180.0,top
TP14,93.3725,37.564001,270.0,top
TP15,93.3725,30.814001,270.0,top
TP16,114.6225,34.564001,180.0,top
TP2,11.0,-23.25,90.0,top
TP3,140.25,41.0,90.0,top
TP4,140.25,46.75,90.0,top
TP5,94.877499,73.314001,180.0,top
TP6,111.377499,59.814001,180.0,top
TP7,112.377499,73.314001,180.0,top
TP8,120.377499,67.25,180.0,top
TP9,136.877499,53.75,180.0,top
U1,50.25,-19.25,270.0,top
U10,91.877499,83.314,90.0,top
U11,118.75,77.749999,90.0,top
U12,108.3725,32.564001,180.0,top
U13,95.0,47.52,90.0,top
U14,47.0,5.2,180.0,top
U15,63.25,5.225,180.0,top
U2,32.5,-12.35,180.0,top
U3,134.5,34.0,0.0,top
U4,96.5,3.075,90.0,top
U6,47.0,24.25,90.0,top
U7,63.25,24.25,90.0,top
U8,103.877499,66.814001,0.0,top
U9,129.377499,60.75,0.0,top
Y1,108.0,1.5,270.0,top
